cc,n,r2,coeff,std_err,t,p,lower,upper,avg_temp,quintile,urb_rur,id,min_temp,max_temp,sd_temp,temp_range,min_hottest,max_hottest,sd_hottest,avg_hottest,hottest_range,p_old,zero,avg_zero,subset,avg_hot_bin,r2_r,coeff_r,std_err_r,t_r,p_r,lower_r,upper_r,avg_r,min_r,max_r,sd_r,r2_v,coeff_v,std_err_v,t_v,p_v,lower_v,upper_v,avg_v,min_v,max_v,sd_v,lat,lon,iso,name
AL,7982,0.010608263,4387.313968,1887.947098,2.323854292,0.020584885,676.8684591,8097.759478,14.47872293,0,n,0,8.291666985,17.11666679,2.687937307,8.8249998,19.79999924,27.89999962,2.325731621,25.35174955,8.1000004,2.84E-20,0,14.18973,1,22,0.027381767,-15155.878,4089.2,-3.7063186,0.000236929,-23192.52,-7119.2368,19.875799,18.5,22.4,1.0816476,0.022639317,-40675.012,12071.523,-3.3695011,0.000818913,-64399.578,-16950.443,7.1914105,6.7182021,8.0729628,0.36647147,41.22856,19.96566,ALB,Albania
AO,7752,0.126062704,130576.2476,19128.60439,6.826229709,8.22E-11,92879.36547,168273.1297,22.41906694,0,n,1,18.61666679,25.44166565,2.355779236,6.8249989,20.39999962,28.10000038,2.745265098,24.50749252,7.7000008,4.39E-229,0,14.18973,1,14,0.15736136,236556.11,25177.785,9.3954296,7.21E-18,186938.06,286174.16,5.0714059,1.8000011,9,1.693051,0.09888646,591616.69,88250.953,6.7037992,1.66E-10,417699.88,765533.5,1.5461615,0.49931774,3.1273961,0.53664017,-10.91652,15.21256,AGO,Angola
BG,17109,0.012908665,15120.5552,3045.880488,4.964264112,9.06E-07,9138.362432,21102.74796,24.83606291,0,n,2,20.31666756,26.50833321,0.63972998,6.1916656,24.70000076,30.39999962,0.723497038,29.06237868,5.6999989,2.91E-50,0,14.18973,,43,0.018279137,13187.857,2492.0952,5.2918754,1.71E-07,8293.3135,18082.4,12.346028,9.2999992,13.5,0.98711431,1.20E-05,874.65442,5886.0093,0.14859889,0.88192135,-10685.629,12434.938,4.3189821,3.1927474,4.90136,0.38152438,23.95427,90.13753,BGD,Bangladesh
BL,19495,0.003700345,839.879924,297.4036933,2.824039993,0.004838385,256.2586007,1423.501247,14.39716447,0,n,3,5.375,27.08333397,6.872224673,21.708334,7.599999905,28.79999924,7.26528705,17.24109121,21.199999,1.88E-17,0,14.18973,1,1,0.025988935,10688.115,1527.686,6.9962773,4.87E-12,7690.2031,13686.027,6.7550359,2.3999996,12.200001,1.5130105,0.017705642,24728.141,4264.1245,5.7991138,8.99E-09,16360.276,33096.008,2.3538907,0.73340189,4.3411613,0.53977555,-17.72805,-65.87945,BOL,Bolivia
BN,17327,0.156896519,-39311.49915,1784.041045,-22.03508673,1.02E-82,-42814.01869,-35808.9796,27.88464555,0,n,4,26.71666718,29.51666641,0.341438651,2.7999992,29.39999962,33.59999847,1.038328791,30.2276719,4.1999989,0,0,14.18973,1,47,0.19136953,-45744.738,1985.4983,-23.039425,0,-49642.77,-41846.707,4.7106729,3.6999989,7.6999989,0.98546928,0.13188548,-151420.28,7876.5093,-19.224289,0,-166883.84,-135956.72,1.5205119,1.2755274,2.730967,0.24715094,7.763661,2.233768,BEN,Benin
BY,8594,0.058950022,15582.48818,2092.002717,7.448598443,6.81E-13,11468.67164,19696.30472,20.80886381,0,n,5,18.43333435,22.71666718,1.254482473,4.2833328,20.29999924,24.5,1.288894103,22.79887806,4.2000008,1.55E-115,0,14.18973,1,9,0.057393655,-59362.656,7738.4971,-7.6710835,1.55E-13,-74580.016,-44145.297,4.0894532,3.5999985,4.7999992,0.33383408,0.091996349,-402052.84,49200.5,-8.1717234,4.98E-15,-498803.13,-305302.56,1.0003062,0.90033668,1.1397432,0.062404256,-3.29295,29.81715,BDI,Burundi
CB,15572,0.004772248,-12697.35283,4320.469055,-2.938882947,0.003427591,-21183.36717,-4211.338485,27.98020869,0,n,6,24.94166756,28.33333397,0.368361476,3.3916664,26.70000076,31,0.537190787,29.93596203,4.2999992,6.13E-18,0,14.18973,,45,0.01340984,-11942.674,1959.9012,-6.0935078,2.04E-09,-15792.198,-8093.1499,5.4721847,3.8000011,8,0.95739353,0.008525996,-32153.602,6636.8423,-4.8447137,1.64E-06,-45189.305,-19117.902,1.4435228,1.005892,2.2528601,0.28354576,12.22315,104.7392,KHM,Cambodia
CG,16678,0.003523524,3209.332329,2778.50786,1.155056056,0.24865312,-2250.472851,8669.13751,23.90170047,0,n,7,17.01666641,26.25,2.344579393,9.2333336,18.39999962,27.89999962,2.112849399,25.14246268,9.5,1.69E-14,0,14.18973,,18,0.20263383,33757.957,3010.2842,11.21421,4.96E-26,27842.709,39673.207,2.8135722,0.89999962,7.8999996,1.5232613,0.21583463,106397.62,9608.8926,11.072827,1.74E-25,87516.016,125279.22,0.83706647,0.26784766,2.7132113,0.49879634,-3.266198,22.68719,COD,Congo (Kinshasa)
CM,14172,0.13326074,-11457.37188,728.7884126,-15.72112245,2.47E-46,-12888.89271,-10025.85104,25.31832101,0,n,8,20.75833321,29.07500076,2.417383062,8.3166676,23.39999962,33.79999924,3.22501437,28.36137399,10.4,0,0,14.18973,1,38,0.28561786,-25369.941,982.63684,-25.818228,0,-27300.084,-23439.801,5.6940341,2.5,10.400002,2.1322532,0.2883341,-73128.227,2627.2456,-27.834562,0,-78288.789,-67967.672,1.7501574,0.82622725,3.382699,0.74323899,5.815808,11.69429,CMR,Cameroon
CN,4289,0.144070765,-45609.06943,4451.255976,-10.24633714,1.28E-20,-54378.34129,-36839.79758,25.32380071,0,n,9,24.41666603,26.40833282,0.746230631,1.9916668,26.10000038,28.10000038,0.758735916,27.01234331,2,4.86E-147,0,14.18973,1,29,0.081849746,-231398.02,35253.785,-6.5637779,3.30E-10,-300850.31,-161945.7,4.3650107,4.1000004,4.6000004,0.11272051,2.85E-05,30974.385,213107.3,0.14534643,0.88456142,-388861.22,450810,1.4582709,1.4089538,1.4804534,0.015708821,-11.97655,43.79512,COM,Comoros
CO,50169,0.077444633,-5058.22482,277.3555302,-18.23733176,6.30E-72,-5601.967366,-4514.482274,21.16151413,0,n,10,11.13333321,29.20833397,4.9614501,18.075001,11.69999981,30.79999924,5.116826585,21.95839777,19.099998,0,0,14.18973,1,7,0.054136589,-39298.047,2203.2769,-17.836182,0,-43617.465,-34978.625,1.6457566,0.80000114,4.5,0.55065256,0.040840045,-119153.45,7711.7324,-15.450932,0,-134271.94,-104034.96,0.5133695,0.27413797,1.4205205,0.15773921,5.468205,-74.58721,COL,Colombia
CT,5536,0.039572878,-22734.22032,2845.843721,-7.988569491,7.59E-14,-28342.82504,-17125.6156,25.45441978,0,n,11,23.04999924,28.04166603,0.811467399,4.9916668,26,31.70000076,1.055855265,27.70524799,5.7000008,1.62E-50,0,14.18973,1,35,0.12592965,-36775.777,3065.9053,-11.995079,7.76E-26,-42818.078,-30733.473,4.1890364,2.7999992,7.5,1.1643614,0.11950169,-120394.57,10008.099,-12.029715,6.02E-26,-140118.59,-100670.55,1.2923074,0.86387932,2.3290002,0.34647009,5.509661,18.84053,CAF,Central African Republic
DR,11444,0.014099757,6613.194681,1769.605732,3.737100622,0.000207371,3136.515225,10089.87414,24.88369946,0,n,12,18.70000076,26.58333206,1.720253335,7.8833313,21.20000076,29,1.659562382,27.31613509,7.7999992,3.27E-37,0,14.18973,1,31,6.39E-05,2978.7598,12400.515,0.24021259,0.81026274,-21384.076,27341.596,4.2106667,3.6000004,4.6999989,0.24800101,0.000107293,9178.0254,30274.248,0.30316278,0.76189041,-50300.68,68656.727,1.3793069,1.2161475,1.6222643,0.10431234,18.88775,-70.39137,DOM,Dominican Republic
EG,18641,0.029612189,-12871.7341,1231.943194,-10.44831788,1.51E-24,-15288.65942,-10454.80878,22.43560799,0,n,13,18.92499924,27.60833359,0.921200372,8.6833344,26.20000076,34.70000076,1.318771584,29.01604254,8.5,7.37E-124,0,14.18973,1,42,0.022610882,-10129.572,1302.5015,-7.7770138,1.55E-14,-12684.924,-7574.2197,15.387416,12.4,19.299999,1.4643303,0.051588111,-40977.93,3164.2949,-12.950098,4.58E-36,-47185.898,-34769.961,5.5292258,4.5078635,7.1682167,0.54675931,29.43604,31.34214,EGY,Egypt
ET,16013,0.005046178,-1718.227048,729.0063453,-2.356943886,0.018775568,-3150.204408,-286.2496885,19.46903049,0,n,14,12.96666718,29.80833435,2.705747054,16.841667,14.30000019,33.40000153,3.000706331,21.81979595,19.100002,2.26E-19,0,14.18973,1,6,8.24E-05,468.42343,1661.8695,0.28186536,0.77815276,-2795.9644,3732.8113,4.7949376,2.2999992,8.7000008,1.4065311,1.41E-05,-642.74487,5258.9961,-0.12221817,0.90277088,-10972.92,9687.4307,1.4855226,0.78639013,3.151947,0.42415074,9.67847,38.73792,ETH,Ethiopia
GB,9618,0.195773183,43875.49034,2935.618177,14.9459118,1.71E-38,38099.45015,49651.53052,26.07568642,0,n,15,23.75,26.81666756,0.789910518,3.0666676,25,28.29999924,0.937075647,27.63023935,3.2999992,0,0,30,1,33,0.061469264,47689.027,5134.3589,9.2882137,2.73E-18,37586.805,57791.246,3.8669384,2.7000008,4.8000011,0.48309281,0.028014958,95663.344,15534.368,6.158174,2.26E-09,65098.355,126228.34,1.2323157,0.84351373,1.7514282,0.16258088,-0.6659173,11.05081,GAB,Gabon
GH,11544,0.13611245,-31028.24311,2316.581251,-13.39398007,7.77E-34,-35583.01473,-26473.47149,27.52540411,0,n,16,25.97500038,28.93333435,0.617073928,2.958334,28.20000076,33.20000076,1.202645552,29.93326156,5,0,0,14.18973,1,44,0.18501446,-50172.176,3315.2085,-15.133943,0,-56690.41,-43653.941,4.5537271,3.6000004,6.8000011,0.8671332,0.15958932,-163152.94,11218.924,-14.542655,1.77E-38,-185211.16,-141094.73,1.4520727,1.1848476,2.2516491,0.24765831,7.175021,-1.09028,GHA,Ghana
GV,7108,0.00557795,-6103.342797,2889.302798,-2.112392928,0.035504527,-11789.92281,-416.762783,26.06954,0,n,17,23.91666603,28.21666718,1.008056961,4.3000011,26.39999962,31.79999924,1.210851402,28.72061633,5.3999996,2.89E-10,0,14.18973,1,40,0.16857558,-42975.348,4114.1196,-10.445819,6.71E-22,-51072.551,-34878.145,4.8886046,3.6000004,7.5,0.94536436,0.25216612,-118817.3,8860.4326,-13.409876,2.96E-32,-136255.95,-101378.64,1.6074476,1.1853911,2.7494903,0.41820094,10.27314,-11.81024,GIN,Guinea
GY,5406,0.157420144,64624.71209,9913.827097,6.518644258,3.03E-10,45114.73155,84134.69263,25.87026069,0,n,18,21.95000076,27.38333321,0.463640192,5.4333324,22.89999962,28.29999924,0.538915544,27.87515691,5.3999996,2.74E-203,0,14.18973,,36,0.1012326,65074.051,12727.979,5.1126776,5.69E-07,40025.941,90122.156,3.2177877,1.3999996,4.2999992,0.42918202,0.051261481,161368.16,49200.313,3.2798197,0.001161914,64544.082,258192.22,1.0115387,0.56320238,1.4308292,0.12315922,6.282905,-58.30304,GUY,Guyana
HA,12937,0.037104573,24828.02897,4235.922372,5.861304054,9.37E-09,16501.49024,33154.56771,24.78121074,0,n,19,22.79166794,26.17499924,0.765477674,3.3833313,25.10000038,28.39999962,0.804331555,26.99811413,3.2999992,2.28E-108,0,14.18973,1,28,0.000237469,4295.7686,10076.208,0.42632788,0.67008996,-15511.001,24102.539,3.8205295,3.2000008,4.6000004,0.37190035,0.003683291,-60849.875,34744.984,-1.7513283,0.080628097,-129147.98,7448.2241,1.2623388,1.0987597,1.4594523,0.10340033,18.84961,-72.66264,HTI,Haiti
HO,20491,1.39E-06,59.48173186,1076.829155,0.055237854,0.955959342,-2053.468191,2172.431655,23.05062155,0,n,20,20.43333244,27.77499962,2.081219065,7.3416672,21.89999962,29.70000076,2.000634079,24.78171769,7.8000011,0.866034139,0,14.18973,,15,0.000143796,-2919.2227,4102.3364,-0.71160001,0.47686848,-10968.811,5130.3657,3.5035961,1.8999996,4.4000015,0.4147661,0.032989267,130086.89,12946.521,10.048019,9.34E-23,104683.28,155490.5,1.1376895,0.68373972,1.434716,0.14097729,14.71198,-87.47581,HND,Honduras
ID,31044,0.031038154,14950.17577,2603.731889,5.741826121,1.17E-08,9842.024724,20058.32682,26.56613997,0,n,21,21.54999924,28.44166756,1.090098162,6.8916683,21.89999962,29.60000038,1.137009622,27.2046594,7.7000008,7.51E-215,0,14.18973,1,30,0.000145098,-3172.7781,5812.4053,-0.54586321,0.58525705,-14575.89,8230.333,1.4622641,0.70000076,3,0.36631355,1.08E-06,-960.29694,19900.648,-0.048254557,0.96152103,-40002.535,38081.941,0.45162091,0.22746982,0.92294002,0.10462032,-4.092545,110.8845,IDN,Indonesia
IV,9386,0.013587256,12565.14042,3274.840733,3.836870688,0.000150128,6122.202469,19008.07836,26.63244241,0,n,22,24.66666603,27.79166603,0.583924719,3.125,27,31.60000038,0.900990228,29.00880096,4.6000004,9.31E-30,0,14.18973,1,41,0.012038157,14411.449,4169.6401,3.4562812,0.000621635,6208.0781,22614.82,4.2761955,3,7,0.73942465,0.008320613,40583.531,14160.981,2.86587,0.004433996,12723.146,68443.914,1.4536445,1.0326121,2.2283812,0.21829781,7.035295,-5.24848,CIV,Cote d'Ivoire
JO,15186,0.022709711,23911.63693,5967.070545,4.007265667,6.72E-05,12198.67284,35624.60103,18.50663896,0,n,23,16.60000038,22.90833282,0.844534504,6.3083324,24.79999924,30,0.732901987,25.78475171,5.2000008,7.78E-78,0,14.18973,,23,0.028730005,-25957.447,4177.8574,-6.2131,8.35E-10,-34158.305,-17756.59,15.77523,14.999999,20.799999,0.75937325,0.030276153,-67890.039,11518.884,-5.8938041,5.56E-09,-90500.844,-45279.238,5.647706,5.3358707,7.5497541,0.29805312,31.65143,35.79362,JOR,Jordan
KE,9026,0.037359937,-5668.791077,1821.267309,-3.112553029,0.001994395,-9249.755033,-2087.827121,21.20627567,0,n,24,13.97500038,29.85000038,3.18682732,15.875,16.5,32.09999847,2.989557385,23.72423565,15.599998,1.06E-76,0,14.18973,1,10,0.2207265,62895.457,6841.4448,9.1933002,2.50E-18,49443.852,76347.063,4.8838501,3.1000004,6.3999996,0.65494108,0.24204312,236101.86,23202.643,10.175646,1.11E-21,190480.97,281722.75,1.4850047,0.92683089,1.8947093,0.18270114,-0.6082848,36.82167,KEN,Kenya
KG,7981,2.35E-05,-86.18290328,712.5072874,-0.120957224,0.903806983,-1488.404888,1316.039082,7.333212671,0,n,25,-1,14.89166641,3.660951803,15.891666,11.69999981,27.39999962,3.687035148,20.1262863,15.7,0.665026709,0,14.18973,,4,0.027540974,-9825.6699,1836.2981,-5.3508029,1.76E-07,-13439.524,-6211.8154,27.833813,24.799999,31.799999,1.1071786,0.0003542,3313.2749,5050.3198,0.65605253,0.51229995,-6625.8086,13252.358,10.20892,8.9136724,11.617842,0.37235498,41.65397,73.78385,KGZ,Kyrgyzstan
LI,9328,0.385558673,138922.8918,8595.631144,16.16203505,4.12E-43,122010.1581,155835.6255,25.95290957,0,n,26,24.82499886,26.54999924,0.534315498,1.7250004,26.60000038,28.39999962,0.522251586,27.6867924,1.7999992,0,0,14.18973,,34,0.029072875,70739.625,20139.244,3.5125265,0.000509429,31113.725,110365.53,3.4913776,2.6999989,4.2000008,0.28163689,0.00025103,-25920.859,56885.551,-0.45566684,0.64894652,-137848.67,86006.953,1.0697218,0.88403332,1.2573121,0.071420304,6.339157,-9.603689,LBR,Liberia
LT,9226,0.267761021,21385.9019,1060.465377,20.16652533,8.76E-62,19300.69805,23471.10574,14.18972929,0,n,27,9.875,16.47500038,2.00295408,6.6000004,15.19999981,23.10000038,2.464028005,20.0809245,7.9000006,0,0,14.18973,1,3,0.24984826,52806.816,2810.0662,18.792019,0,47281.355,58332.277,12.408918,10.5,13.6,0.9639349,0.22672452,139629.64,7844.4648,17.799767,0,124204.99,155054.3,4.5138865,3.7922068,4.954123,0.34727311,-29.52637,28.07448,LSO,Lesotho
MA,17567,0.053487459,-7939.037796,1171.334331,-6.777772653,3.19E-11,-10239.94897,-5638.126625,21.59292296,0,n,28,17.14999962,27,2.658056094,9.8500004,20,28.89999962,2.66834357,24.49230109,8.8999996,5.56E-212,0,14.18973,1,13,2.58E-07,49.094299,2185.8469,0.022460081,0.98208922,-4244.6753,4342.8638,6.5251722,3.5999985,7.9000015,0.94716501,0.019184019,35393.445,6570.5361,5.3866901,1.07E-07,22486.607,48300.281,2.4339147,1.3075535,2.7495866,0.35845169,-19.30161,47.17937,MDG,Madagascar
MD,11031,0.001874472,8284.593313,5769.650627,1.435891677,0.151832697,-3058.826451,19628.01308,10.92702994,0,n,29,10,12.10833359,0.345703854,2.1083336,21.10000038,23.70000076,0.513707232,22.2298154,2.6000004,5.39E-06,0,14.18973,,8,0.014298569,-45238.914,15436.372,-2.93067,0.003580835,-75587.586,-14890.238,24.76462,23.400002,25.200001,0.25982535,0.001873822,-47256.176,29665.586,-1.5929629,0.11197658,-105580.19,11067.84,9.0701466,8.6731911,9.3023787,0.090043634,47.177,28.45872,MDA,Moldova
MI,24190,0.002030601,-3224.179538,1789.060491,-1.802163512,0.071908639,-6736.165487,287.8064107,22.2874262,0,n,30,18.39166641,25.48333359,1.497801912,7.0916672,22.10000038,29.20000076,1.523435738,25.87176931,7.1000004,2.35E-12,0,14.18973,,25,0.003252805,18218.326,6191.0054,2.942709,0.003350764,6065.1748,30371.479,7.8450928,6,8.4000015,0.34123343,0.004340209,58419.695,17700.625,3.3004313,0.00100957,23672.773,93166.617,2.4641051,1.972001,2.7024677,0.12292128,-14.13328,34.50338,MWI,Malawi
ML,10103,0.032874512,-136948.2025,22785.18983,-6.010404282,4.15E-09,-181741.2122,-92155.1929,28.39125589,0,n,31,26.75,30.18333435,0.738694016,3.4333344,30.70000076,36,1.268152155,33.1365106,5.2999992,2.09E-75,0,14.18973,1,50,0.045919418,-146820.14,19026.787,-7.7164965,9.55E-14,-184224.58,-109415.71,9.2530689,6.7000008,12.999998,1.3980111,0.017062912,-334436.53,71946.609,-4.6483989,4.54E-06,-475875.09,-192997.94,3.0561876,2.1577909,4.1610751,0.37412,13.17519,-6.995956,MLI,Mali
MO,11505,0.007999325,-5045.134743,2065.4877,-2.442587648,0.01496524,-9104.309482,-985.9600041,17.80186518,0,n,32,11.41666698,23.83333397,1.797091651,12.416667,23.39999962,33.59999847,1.755910357,26.39638168,10.199999,7.15E-22,0,14.18973,1,27,0.03270185,-5425.8862,1007.5046,-5.3854709,1.17E-07,-7405.8726,-3445.9001,15.366874,8.7000008,22.5,3.3011396,0.02381767,-12664.742,2849.6707,-4.4442825,1.11E-05,-18265.023,-7064.4609,5.4236841,2.871002,8.2433949,1.2069845,33.10325,-6.610509,MAR,Morocco
MZ,13891,0.03447049,12781.02002,1786.616507,7.153756821,2.52E-12,9272.093346,16289.94669,24.18691255,0,n,33,19.07500076,26.64999962,1.43460346,7.5749989,22.70000076,30.20000076,1.346403081,27.40454733,7.5,5.83E-108,0,14.18973,1,32,0.022950137,13860.996,2017.6141,6.8699937,1.64E-11,9898.3887,17823.604,7.3077731,3.7999992,10.9,1.0130131,0.041946717,64949.609,7158.7246,9.0727901,1.73E-18,50889.828,79009.391,2.4609036,1.4007303,3.4279156,0.29227343,-19.25054,35.28357,MOZ,Mozambique
NG,5922,0.022495536,18784.67502,5229.904953,3.591781339,0.000393423,8485.750081,29083.59995,29.2691984,0,n,34,27.18333435,30.30833244,0.748623454,3.1249981,32.90000153,36.29999924,0.743508688,34.41770442,3.3999977,3.87E-31,0,14.18973,,52,0.001555302,3089.2949,4960.0737,0.62283242,0.53394693,-6678.2686,12856.858,10.351686,6.9000015,15.399998,1.1887473,0.011798782,27695.701,18536.309,1.4941326,0.13636772,-8806.6914,64198.094,3.4973969,2.4068556,5.6962242,0.36521429,13.8478,5.26333,NER,Niger
NI,38144,0.188827298,-29513.82307,2424.627637,-12.1725178,1.31E-31,-34272.5734,-24755.07274,27.31048848,0,n,35,20.79999924,29.88333321,0.993960947,9.083334,24.20000076,35,1.478407483,31.12706171,10.799999,0,0,14.18973,1,49,0.27190661,-26649.508,1311.8306,-20.314749,0,-29224.203,-24074.814,6.8888464,3.4000015,11,1.9647528,0.2730279,-73151.367,3677.2617,-19.892891,0,-80368.633,-65934.109,2.1255784,1.0410875,3.7952919,0.71724623,8.498526,7.27515,NGA,Nigeria
NP,10822,0.041712928,4143.284413,750.9018866,5.517744044,7.76E-08,2665.222713,5621.346112,20.13230494,0,n,36,1.458333373,25.57500076,4.585316491,24.116667,9.5,33.29999924,4.649495477,26.16426342,23.799999,2.92E-102,0,14.18973,1,26,0.011082003,-7959.6187,3194.9617,-2.4913034,0.013300509,-14248.523,-1670.7141,14.668592,12.000001,18.5,1.2474757,0.006243374,-19681.053,11948.162,-1.6472032,0.10062616,-43199.598,3837.4954,5.4464965,4.4465427,6.7443523,0.37868372,27.83746,84.25879,NPL,Nepal
PE,26529,0.132950144,6251.24706,371.9899404,16.80488202,1.06E-56,5521.372833,6981.121288,16.30682368,0,n,37,3.416666746,27.45000076,5.402138673,24.033335,4.800000191,28.39999962,6.168684868,19.01852052,23.599998,0,0,14,1,2,0.37778494,26167.469,797.2749,32.821136,0,24603.15,27731.787,5.1757107,1.3999996,8.7000008,2.4841363,0.36925036,68295.961,2148.6284,31.785839,0,64080.176,72511.742,1.8135036,0.44619584,3.1039932,0.94097978,-10.86935,-75.24764,PER,Peru
RP,12131,0.039592534,13796.03765,1566.89936,8.804673743,9.21E-18,10719.94013,16872.13517,26.59142689,0,n,38,19.91666603,28.14166641,1.250794751,8.2250004,21.20000076,30.29999924,1.457356217,28.28987438,9.0999985,1.45E-108,0,14.18973,1,37,0.17334259,49762,2608.8696,19.074162,0,44640.332,54883.668,3.1447561,1.4000015,5.6000004,0.84541172,0.16108292,156545,9022.9297,17.349686,0,138831.42,174258.59,0.96373671,0.44949475,1.8294724,0.25905916,12.01689,122.5799,PHL,Philippines
RW,12538,0.004322698,4456.09696,1322.149488,3.370342763,0.000815726,1857.71184,7054.48208,19.32874879,0,n,39,17.01666641,21.68333435,1.318747523,4.6666679,18.5,23.39999962,1.399176397,20.97923961,4.8999996,1.72E-13,0,14.18973,1,5,0.000116153,-4444.0986,9453.0234,-0.4701246,0.63849479,-23021.873,14133.676,3.9844828,3.1999989,4.5,0.22997499,0.013381387,272195.63,61400.855,4.4330916,0.000011697,151526.17,392865.09,1.0041432,0.91960967,1.0966893,0.040301301,-2.008879,29.85466,RWA,Rwanda
SG,7779,0.177381617,-22716.53303,1598.484523,-14.21129369,1.22E-36,-25860.16257,-19572.90349,27.38705099,0,n,40,25.72500038,30.52499962,1.3681559,4.7999992,28.39999962,35.79999924,1.980962001,30.38128868,7.3999996,0,0,14.18973,1,48,0.064382739,-15632.493,1790.4417,-8.731082,9.86E-17,-19153.631,-12111.354,6.6470051,4.2999992,12.1,1.7342846,0.013167557,-25190.695,6034.0073,-4.174787,3.75E-05,-37057.363,-13324.028,2.0995061,1.2029004,3.7263498,0.48671681,14.25551,-15.49058,SEN,Senegal
SL,12625,0.155373191,-72276.9572,5749.100205,-12.57187292,7.29E-31,-83578.51176,-60975.40265,26.51283078,0,n,41,25.23333359,27.20833397,0.511057806,1.9750004,27.70000076,29.89999962,0.538170629,28.67236608,2.1999989,0,0,14.18973,,39,0.044408936,-53784.738,6625.1455,-8.1182728,5.65E-15,-66808.414,-40761.055,3.83972,3.2999992,5,0.38664106,0.1076374,-218092.55,19836.109,-10.994724,8.37E-25,-257086.28,-179098.83,1.2066338,0.96526814,1.6239451,0.14844739,8.395928,-12.01783,SLE,Sierra Leone
TI,6152,0.000864367,-502.6706156,652.3749185,-0.770524129,0.441533727,-1785.952075,780.6108434,11.89013312,0,n,42,-3.883333206,18.125,4.605352092,22.008333,8.100000381,30.89999962,4.698853962,24.35566528,22.799999,0.021109561,0,14.18973,,12,0.048269253,-13621.265,2830.2349,-4.8127685,2.26E-06,-19188.598,-8053.9331,26.169674,23.200001,28.6,1.2958184,0.028643921,-30833.633,6189.0581,-4.9819589,1.01E-06,-43008.078,-18659.186,9.1839991,8.5342093,9.9240255,0.44097894,38.67064,69.42287,TJK,Tajikistan
TO,7462,0.039302821,-15564.1228,1885.765558,-8.253477074,6.40E-15,-19276.43399,-11851.81162,27.37849293,0,n,43,25.97500038,28.90833282,0.678928882,2.9333324,28.20000076,33.40000153,1.33123556,29.97290806,5.2000008,5.18E-67,0,14.18973,1,46,0.028277224,-21142.979,3478.8918,-6.0775037,4.04E-09,-27991.512,-14294.444,4.9181242,3.6999989,7.4000015,0.83122754,0.017429767,-68753.5,14412.994,-4.7702436,2.98E-06,-97126.867,-40380.129,1.5293498,1.2621232,2.2046785,0.20068675,8.061446,1.019873,TGO,Togo
TT,11309,0.103643618,-76029.97076,6764.801023,-11.239055,8.00E-26,-89326.78247,-62733.15905,25.05011724,0,n,44,24.54166603,26.35000038,0.46998478,1.8083344,25.29999924,27,0.479175024,25.83426592,1.7000008,5.21E-271,0,14.18973,,24,0.025917457,-344124.22,40442.734,-8.5089254,3.07E-16,-423617.97,-264630.44,2.0258696,2,2.2000008,0.052940581,0.031323008,-616319.63,68027.398,-9.0598726,4.88E-18,-750033.44,-482605.75,0.61790597,0.59670812,0.71350592,0.032496266,-8.821138,125.6723,TLS,Timor-Leste
TZ,9131,0.049538411,11490.59277,2016.368231,5.698657911,2.23E-08,7527.557263,15453.62828,22.99203478,0,n,45,17.77499962,26.86666679,2.014659934,9.0916672,20.89999962,29.10000038,1.910787381,25.32182998,8.2000008,7.17E-103,0,14.18973,1,21,4.14E-06,-288.84033,4743.4658,-0.060892258,0.951473,-9611.8027,9034.1221,4.8626046,3.7000008,7,0.69500387,0.003366026,18782.652,9744.2979,1.9275531,0.054561511,-369.10748,37934.414,1.574079,0.9432376,2.3003786,0.30470923,-5.817896,36.182,TZA,Tanzania
UG,8932,0.027922872,-7103.120116,1254.992029,-5.659892614,2.98E-08,-9570.697878,-4635.542353,23.04359599,0,n,46,17.01666641,26.10833359,1.669991003,9.0916672,18.5,29.10000038,2.035961685,25.23602219,10.6,6.10E-57,0,14.18973,1,19,0.025984429,-33895.613,4997.7998,-6.7821074,4.53E-11,-43722.34,-24068.893,4.0907984,3.2000008,5.3000011,0.41157764,0.01613673,-86981.539,16260.275,-5.3493276,1.53E-07,-118952.66,-55010.426,1.200529,0.95711052,1.4490331,0.12639195,1.069352,32.30774,UGA,Uganda
UV,13609,0.011883934,-12848.63595,2314.065832,-5.552407272,4.52E-08,-17394.80571,-8302.466195,28.78819799,0,n,47,27.16666603,30.15833282,0.492469373,2.9916668,31.10000038,35.70000076,0.866981129,33.31256482,4.6000004,2.96E-37,0,14.18973,1,51,0.014993022,-10554.448,1388.2546,-7.602674,1.38E-13,-13281.787,-7827.1094,8.2539921,5.6000004,11.900002,1.1854838,0.003600172,-16042.802,5256.2104,-3.0521612,0.002389296,-26369.053,-5716.5503,2.7658322,1.9104182,3.7986741,0.38218004,12.21753,-1.926163,BFA,Burkina Faso
WA,8997,0.135655327,-20679.19802,2829.951396,-7.30726261,1.20E-12,-26240.27529,-15118.12075,21.3619796,0,n,48,16.33333397,23.57500076,1.570946208,7.2416668,18.60000038,28.70000076,1.868330053,25.31731948,10.1,4.06E-287,0,14.18973,1,20,0.015210278,8184.8408,1940.8115,4.217226,2.97E-05,4370.9937,11998.688,9.5842209,5.5999994,15.900001,1.580619,0.084684655,40504.258,4581.5444,8.8407431,1.98E-17,31501.164,49507.355,3.5881367,1.9559349,6.3018756,0.75365144,-20.27146,17.3221,NAM,Namibia
WZ,4742,0.041217555,-12197.70252,2100.34992,-5.807462082,1.83E-08,-16333.41693,-8061.988103,20.47619546,0,n,49,16.85000038,23.625,1.496668057,6.7749996,21.39999962,28.10000038,1.539782034,24.91723594,6.7000008,2.70E-45,0,14.18973,1,16,7.48E-05,-1711.7832,7656.2773,-0.22357905,0.82325912,-16787.449,13363.884,8.5728645,8,9.8999996,0.46735016,0.008908856,-57679.68,22749.697,-2.5354042,0.011813826,-102475.2,-12884.166,2.8821914,2.7367313,3.1957359,0.15138552,-26.53605,31.43846,SWZ,Swaziland
ZA,7163,0.045757581,-19688.56574,3896.623777,-5.052724323,7.57E-07,-27356.64022,-12020.49125,21.68756869,0,n,50,18.39166641,24.91666603,0.98767553,6.5249996,20.89999962,29.20000076,1.150727218,24.93995371,8.3000011,6.47E-75,0,14.18973,1,17,0.078388542,25346.074,2798.9053,9.0557108,1.75E-17,19838.176,30853.975,7.6327691,3.8000011,9.8999996,1.1699586,0.11329693,86311.477,8263.5654,10.444822,5.39E-22,70049.797,102573.15,2.563628,1.1507574,3.3366992,0.41304317,-13.54562,28.3191,ZMB,Zambia
ZI,9417,0.172787856,-18709.98187,1497.561058,-12.49363542,3.46E-30,-21654.6514,-15765.31235,20.68260768,0,n,51,18.00833321,25.20000076,1.466763251,7.1916676,21.20000076,29.5,1.704287141,24.24299817,8.2999992,0,0,14.18973,1,11,0.016812058,-16171.233,3462.9153,-4.6698322,4.21E-06,-22980.398,-9362.0674,8.7826204,6.6999989,11.2,0.61507326,0.009262753,-37394.852,10644.231,-3.5131564,0.000496871,-58324.711,-16464.988,3.0587108,2.3612239,4.116734,0.1974321,-18.87807,30.34387,ZWE,Zimbabwe
